{
  "Ansi 7 Color (Light)" : {
    "Green Component" : 0.78431372549019607,
    "Red Component" : 0.76078431372549016,
    "Blue Component" : 0.84313725490196079
  },
  "Brighten Bold Text (Light)" : true,
  "Ansi 15 Color (Light)" : {
    "Green Component" : 0.78431372549019607,
    "Red Component" : 0.76078431372549016,
    "Blue Component" : 0.84313725490196079
  },
  "Ansi 2 Color (Light)" : {
    "Green Component" : 0.90980392156862744,
    "Red Component" : 0.71764705882352942,
    "Blue Component" : 0.46274509803921571
  },
  "Bold Color" : {
    "Red Component" : 0.062745101749897003,
    "Color Space" : "sRGB",
    "Blue Component" : 0.062745101749897003,
    "Alpha Component" : 1,
    "Green Component" : 0.062745101749897003
  },
  "Ansi 1 Color (Dark)" : {
    "Green Component" : 0.20784313725490197,
    "Red Component" : 1,
    "Blue Component" : 0.35686274509803922
  },
  "Use Bright Bold" : true,
  "Ansi 9 Color (Light)" : {
    "Green Component" : 0.20784313725490197,
    "Red Component" : 1,
    "Blue Component" : 0.35686274509803922
  },
  "Ansi 8 Color (Dark)" : {
    "Red Component" : 0.5,
    "Color Space" : "P3",
    "Blue Component" : 0.5,
    "Alpha Component" : 1,
    "Green Component" : 0.5
  },
  "Use Bright Bold (Dark)" : true,
  "Background Color" : {
    "Red Component" : 0.97999999999999998,
    "Color Space" : "sRGB",
    "Blue Component" : 0.97999999999999998,
    "Alpha Component" : 1,
    "Green Component" : 0.97999999999999998
  },
  "Ansi 8 Color" : {
    "Red Component" : 0.40781760215759277,
    "Color Space" : "sRGB",
    "Blue Component" : 0.4078223705291748,
    "Alpha Component" : 1,
    "Green Component" : 0.40782788395881653
  },
  "Columns" : 80,
  "Right Option Key Sends" : 0,
  "Ansi 4 Color (Light)" : {
    "Green Component" : 0.83137254901960789,
    "Red Component" : 0.46274509803921571,
    "Blue Component" : 1
  },
  "Blinking Cursor" : true,
  "Selected Text Color (Light)" : {
    "Green Component" : 0.098039215686274508,
    "Red Component" : 0.098039215686274508,
    "Blue Component" : 0.098039215686274508
  },
  "Selected Text Color (Dark)" : {
    "Green Component" : 0.098039215686274508,
    "Red Component" : 0.098039215686274508,
    "Blue Component" : 0.098039215686274508
  },
  "Cursor Type" : 1,
  "Keyboard Map" : {
    "0x7f-0x100000" : {
      "Action" : 11,
      "Text" : "0x15"
    },
    "0xf702-0x280000" : {
      "Action" : 10,
      "Text" : "b"
    },
    "0xf702-0x300000" : {
      "Action" : 11,
      "Text" : "0x1"
    },
    "0xf703-0x280000" : {
      "Action" : 10,
      "Text" : "f"
    },
    "0xf728-0x80000" : {
      "Action" : 10,
      "Text" : "d"
    },
    "0xf703-0x300000" : {
      "Action" : 11,
      "Text" : "0x5"
    },
    "0x7f-0x80000" : {
      "Version" : 2,
      "Apply Mode" : 0,
      "Action" : 11,
      "Text" : "0x1b 0x7f",
      "Escaping" : 1
    },
    "0xf728-0x0" : {
      "Action" : 11,
      "Text" : "0x4"
    }
  },
  "Ansi 3 Color (Dark)" : {
    "Green Component" : 0.76078431372549016,
    "Red Component" : 1,
    "Blue Component" : 0.31764705882352939
  },
  "Visual Bell" : true,
  "Cursor Text Color" : {
    "Red Component" : 1,
    "Color Space" : "sRGB",
    "Blue Component" : 1,
    "Alpha Component" : 1,
    "Green Component" : 1
  },
  "Scrollback Lines" : 1000,
  "Selection Color (Light)" : {
    "Green Component" : 0.78823529411764703,
    "Red Component" : 0.70196078431372544,
    "Blue Component" : 0.84313725490196079
  },
  "Ansi 0 Color" : {
    "Red Component" : 0.078431375324726105,
    "Color Space" : "sRGB",
    "Blue Component" : 0.11764705926179886,
    "Alpha Component" : 1,
    "Green Component" : 0.098039217293262482
  },
  "Match Background Color (Dark)" : {
    "Red Component" : 1,
    "Color Space" : "P3",
    "Blue Component" : 0,
    "Alpha Component" : 1,
    "Green Component" : 1
  },
  "Ansi 11 Color (Light)" : {
    "Green Component" : 0.76078431372549016,
    "Red Component" : 1,
    "Blue Component" : 0.31764705882352939
  },
  "Ansi 5 Color (Dark)" : {
    "Green Component" : 0.46274509803921571,
    "Red Component" : 0.72941176470588232,
    "Blue Component" : 0.90588235294117647
  },
  "Cursor Text Color (Light)" : {
    "Green Component" : 0.15575926005840302,
    "Red Component" : 0,
    "Blue Component" : 0.19370138645172119
  },
  "Silence Bell" : false,
  "Rows" : 25,
  "Guid" : "1F84126A-A10A-4D52-8909-23E85DAD922A",
  "Ansi 14 Color (Dark)" : {
    "Green Component" : 0.74901960784313726,
    "Red Component" : 0.42352941176470588,
    "Blue Component" : 0.70980392156862748
  },
  "Use Cursor Guide (Dark)" : false,
  "Ansi 15 Color (Dark)" : {
    "Green Component" : 0.78431372549019607,
    "Red Component" : 0.76078431372549016,
    "Blue Component" : 0.84313725490196079
  },
  "Ansi 0 Color (Dark)" : {
    "Green Component" : 0.098039215686274508,
    "Red Component" : 0.098039215686274508,
    "Blue Component" : 0.098039215686274508
  },
  "Ambiguous Double Width" : false,
  "Option Key Sends" : 0,
  "Ansi 3 Color" : {
    "Red Component" : 0.78058648109436035,
    "Color Space" : "sRGB",
    "Blue Component" : 0,
    "Alpha Component" : 1,
    "Green Component" : 0.76959484815597534
  },
  "Window Type" : 0,
  "Smart Cursor Color (Dark)" : false,
  "BM Growl" : true,
  "Prompt Before Closing 2" : false,
  "Command" : "",
  "Smart Cursor Color (Light)" : false,
  "Use Bright Bold (Light)" : true,
  "Use Selected Text Color (Light)" : true,
  "Selected Text Color" : {
    "Red Component" : 0,
    "Color Space" : "sRGB",
    "Blue Component" : 0,
    "Alpha Component" : 1,
    "Green Component" : 0
  },
  "Ansi 14 Color (Light)" : {
    "Green Component" : 0.74901960784313726,
    "Red Component" : 0.42352941176470588,
    "Blue Component" : 0.70980392156862748
  },
  "Cursor Guide Color (Dark)" : {
    "Red Component" : 0.74862593412399292,
    "Color Space" : "P3",
    "Blue Component" : 0.99125725030899048,
    "Alpha Component" : 0.25,
    "Green Component" : 0.92047786712646484
  },
  "Send Code When Idle" : false,
  "Ansi 6 Color" : {
    "Red Component" : 0,
    "Color Space" : "sRGB",
    "Blue Component" : 0.78166204690933228,
    "Alpha Component" : 1,
    "Green Component" : 0.77425903081893921
  },
  "Jobs to Ignore" : [
    "rlogin",
    "ssh",
    "slogin",
    "telnet"
  ],
  "Badge Color (Dark)" : {
    "Red Component" : 0.92929404973983765,
    "Color Space" : "P3",
    "Blue Component" : 0.13960540294647217,
    "Alpha Component" : 0.5,
    "Green Component" : 0.25479039549827576
  },
  "Use Underline Color (Light)" : false,
  "Cursor Color" : {
    "Red Component" : 0,
    "Color Space" : "sRGB",
    "Blue Component" : 0,
    "Alpha Component" : 1,
    "Green Component" : 0
  },
  "Vertical Spacing" : 1,
  "Minimum Contrast (Light)" : 0,
  "Disable Window Resizing" : true,
  "Use Selected Text Color (Dark)" : true,
  "Close Sessions On End" : true,
  "Selection Color (Dark)" : {
    "Green Component" : 0.78823529411764703,
    "Red Component" : 0.70196078431372544,
    "Blue Component" : 0.84313725490196079
  },
  "Default Bookmark" : "No",
  "Bound Hosts" : [

  ],
  "Minimum Contrast (Dark)" : 0,
  "Custom Command" : "No",
  "Foreground Color (Light)" : {
    "Green Component" : 0.78823529411764703,
    "Red Component" : 0.70196078431372544,
    "Blue Component" : 0.84313725490196079
  },
  "Ansi 9 Color" : {
    "Red Component" : 0.8659515380859375,
    "Color Space" : "sRGB",
    "Blue Component" : 0.45833224058151245,
    "Alpha Component" : 1,
    "Green Component" : 0.47524076700210571
  },
  "Background Color (Dark)" : {
    "Green Component" : 0.098039215686274508,
    "Red Component" : 0.098039215686274508,
    "Blue Component" : 0.098039215686274508
  },
  "Ansi 14 Color" : {
    "Red Component" : 0.37597531080245972,
    "Color Space" : "sRGB",
    "Blue Component" : 1,
    "Alpha Component" : 1,
    "Green Component" : 0.99263292551040649
  },